{
  "type": "APL",
  "version": "1.8",
  "license": "Copyright 2021 Amazon.com, Inc. or its affiliates. All Rights Reserved.\nSPDX-License-Identifier: LicenseRef-.amazon.com.-AmznSL-1.0\nLicensed under the Amazon Software License  http://aws.amazon.com/asl/",
  "theme": "dark",
  "import": [
    {
      "name": "alexa-layouts",
      "version": "1.5.0"
    }
  ],
  "mainTemplate": {
    "parameters": [
      "payload",
      "headlineData"
    ],
    "items": [
      {
        "type": "AlexaHeadline",
        "primaryText": "${headlineData.primaryText}",
        "secondaryText": "${headlineData.secondaryText}",
        "backgroundColor": "#f6bd60",
        "footerHintText": "${headlineData.footerHintText}",
        "headerAttributionImage": "none",
        "headerBackButton": false,
        "headerDivider": false,
        "headerSubtitle": "${headlineData.headerSubtitle}",
        "headerTitle": "${headlineData.headerTitle}"
      }
    ]
  }
}