{
    "type": "APL",
    "version": "1.8",
    "settings": {},
    "theme": "dark",
    "import": [
      {
        "name": "alexa-layouts",
        "version": "1.5.0"
      }
    ],
    "resources": [
      {
        "dimensions": {
          "buttonSize": "60dp",
          "buttonSpacing": "@spacingSmall"
        }
      }
    ],
    "styles": {
      "cellContainerStyle": {
        "padding": "20px"
      }
    },
    "onMount": [],
    "graphics": {
      "green_checkmark": {
        "type": "AVG",
        "version": "1.2",
        "width": 64,
        "height": 64,
        "items": [
          {
            "type": "path",
            "pathData": "M32,2C15.431,2,2,15.432,2,32c0,16.568,13.432,30,30,30c16.568,0,30-13.432,30-30C62,15.432,48.568,2,32,2z M25.025,50l-0.02-0.02L24.988,50L11,35.6l7.029-7.164l6.977,7.184l21-21.619L53,21.199L25.025,50z",
            "fill": "#43a047"
          }
        ]
      }
    },
    "commands": {},
    "layouts": {},
    "mainTemplate": {
      "parameters": [
        "payload",
        "questionData"
      ],
      "items": [
        {
          "type": "Container",
          "width": "100vw",
          "height": "100vh",
          "direction": "column",
          "alignItems": "center",
          "justifyContent": "spaceAround",
          "items": [
            {
              "type": "Text",
              "width": "80%",
              "textAlign": "center",
              "text": "${questionData.question}",
              "maxLines": 3
            },
            {
              "type": "Container",
              "width": "80%",
              "height": "50%",
              "maxHeight": "50%",
              "direction": "column",
              "items": [
                {
                  "type": "Container",
                  "id": "row-0",
                  "width": "100%",
                  "height": "50%",
                  "direction": "row",
                  "justifyContent": "center",
                  "items": [
                    {
                      "type": "Container",
                      "id": "row-0-column-0",
                      "width": "50%",
                      "height": "100%",
                      "items": [
                        {
                          "type": "AlexaButton",
                          "alignSelf": "center",
                          "id": "option-a",
                          "buttonText": "A: ${questionData.options.a}",
                          "primaryAction": [
                            {
                              "type": "AnimateItem",
                              "easing": "ease-in-out",
                              "componentId": "option-b",
                              "duration": 300,
                              "value": {
                                "property": "opacity",
                                "to": "50%"
                              }
                            },
                            {
                              "type": "AnimateItem",
                              "easing": "ease-in-out",
                              "componentId": "option-c",
                              "duration": 300,
                              "value": {
                                "property": "opacity",
                                "to": "50%"
                              }
                            },
                            {
                              "type": "AnimateItem",
                              "easing": "ease-in-out",
                              "componentId": "option-d",
                              "duration": 300,
                              "value": {
                                "property": "opacity",
                                "to": "50%"
                              }
                            },
                            {
                              "type": "SendEvent",
                              "arguments": [
                                { "selected": "a" }
                              ]
                            }
                          ]
                        },
                        {
                          "type": "VectorGraphic",
                          "source": "green_checkmark",
                          "position": "absolute",
                          "opacity": 0
                        }
                      ]
                    },
                    {
                      "type": "Container",
                      "id": "row-0-column-1",
                      "width": "50%",
                      "height": "100%",
                      "items": [
                        {
                          "type": "AlexaButton",
                          "alignSelf": "center",
                          "id": "option-b",
                          "buttonText": "B: ${questionData.options.b}",
                          "primaryAction": [
                            {
                              "type": "AnimateItem",
                              "easing": "ease-in-out",
                              "componentId": "option-a",
                              "duration": 300,
                              "value": {
                                "property": "opacity",
                                "to": "50%"
                              }
                            },
                            {
                              "type": "AnimateItem",
                              "easing": "ease-in-out",
                              "componentId": "option-c",
                              "duration": 300,
                              "value": {
                                "property": "opacity",
                                "to": "50%"
                              }
                            },
                            {
                              "type": "AnimateItem",
                              "easing": "ease-in-out",
                              "componentId": "option-d",
                              "duration": 300,
                              "value": {
                                "property": "opacity",
                                "to": "50%"
                              }
                            },
                            {
                              "type": "SendEvent",
                              "arguments": [
                                { "selected": "b" }
                              ]
                            }
                          ]
                        },
                        {
                          "type": "VectorGraphic",
                          "source": "green_checkmark",
                          "position": "absolute",
                          "opacity": 0
                        }
                      ]
                    }
                  ]
                },
                {
                  "type": "Container",
                  "id": "row-1",
                  "width": "100%",
                  "height": "50%",
                  "direction": "row",
                  "justifyContent": "center",
                  "items": [
                    {
                      "type": "Container",
                      "id": "row-1-column-0",
                      "width": "50%",
                      "height": "100%",
                      "items": [
                        {
                          "type": "AlexaButton",
                          "alignSelf": "center",
                          "id": "option-c",
                          "buttonText": "C:  ${questionData.options.c}",
                          "primaryAction": [
                            {
                              "type": "AnimateItem",
                              "easing": "ease-in-out",
                              "componentId": "option-a",
                              "duration": 300,
                              "value": {
                                "property": "opacity",
                                "to": "50%"
                              }
                            },
                            {
                              "type": "AnimateItem",
                              "easing": "ease-in-out",
                              "componentId": "option-b",
                              "duration": 300,
                              "value": {
                                "property": "opacity",
                                "to": "50%"
                              }
                            },
                            {
                              "type": "AnimateItem",
                              "easing": "ease-in-out",
                              "componentId": "option-d",
                              "duration": 300,
                              "value": {
                                "property": "opacity",
                                "to": "50%"
                              }
                            },
                            {
                              "type": "SendEvent",
                              "arguments": [
                                { "selected": "c" }
                              ]
                            }
                          ]
                        },
                        {
                          "type": "VectorGraphic",
                          "source": "green_checkmark",
                          "position": "absolute",
                          "opacity": 0
                        }
                      ]
                    },
                    {
                      "type": "Container",
                      "id": "row-1-column-1",
                      "width": "50%",
                      "height": "100%",
                      "style": "cellContainerStyle",
                      "items": [
                        {
                          "type": "AlexaButton",
                          "alignSelf": "center",
                          "id": "option-d",
                          "buttonText": "D:  ${questionData.options.d}",
                          "primaryAction": [
                            {
                              "type": "AnimateItem",
                              "easing": "ease-in-out",
                              "componentId": "option-a",
                              "duration": 300,
                              "value": {
                                "property": "opacity",
                                "to": "50%"
                              }
                            },
                            {
                              "type": "AnimateItem",
                              "easing": "ease-in-out",
                              "componentId": "option-b",
                              "duration": 300,
                              "value": {
                                "property": "opacity",
                                "to": "50%"
                              }
                            },
                            {
                              "type": "AnimateItem",
                              "easing": "ease-in-out",
                              "componentId": "option-c",
                              "duration": 300,
                              "value": {
                                "property": "opacity",
                                "to": "50%"
                              }
                            },
                            {
                              "type": "SendEvent",
                              "arguments": [
                                { "selected": "d" }
                              ]
                            }
                          ]
                        },
                        {
                          "type": "VectorGraphic",
                          "source": "green_checkmark",
                          "position": "absolute",
                          "opacity": 0
                        }
                      ]
                    }
                  ]
                }
              ]
            },
            {
              "type": "Container",
              "width": "100vw",
              "height": "10vh",
              "direction": "row",
              "alignItems": "center",
              "justifyContent": "center",
              "items": [
                {
                  "id": "question1",
                  "type": "AlexaIconButton",
                  "buttonSize": "@buttonSize",
                  "buttonStyle": "contained",
                  "disabled": true,
                  "primaryAction": {
                    "type": "SendEvent",
                    "arguments": [
                      "question 1"
                    ]
                  }
                },
                {
                  "spacing": "@buttonSpacing",
                  "id": "question2",
                  "type": "AlexaIconButton",
                  "buttonSize": "@buttonSize",
                  "buttonStyle": "contained",
                  "disabled": true
                },
                {
                  "spacing": "@buttonSpacing",
                  "id": "question3",
                  "type": "AlexaIconButton",
                  "buttonSize": "@buttonSize",
                  "buttonStyle": "contained",
                  "disabled": true
                }
              ]
            }
          ]
        }
      ]
    }
  }