{
  "type":"APL",
  "version":"1.8",
  "settings":{},
  "theme":"dark",
  "background":"gray",
  "import":[
     {
        "name":"alexa-viewport-profiles",
        "version":"1.3.0"
     }
  ],
  "resources":[],
  "styles":{},
  "onMount":[],
  "graphics":{},
  "commands":{
       "type": "Sequential",
       "commands": [
            {
                "type": "PlayMedia",
				"componentId": "video",
				"source": "${videoData.videoUrl}",
				"audioTrack": "foreground"
            }
       ]
  },
  "layouts":{},
  "mainTemplate":{
     "parameters":[
        "payload",
        "videoData"
     ],
     "items":[
        {
           "type":"Container",
           "width":"100vw",
           "height":"100vh",
           "items":[
              {
                 "type":"Container",
                 "description":"main area - image, video",
                 "width":"100vw",
                 "height":"100vh",
                 "position":"absolute",
                 "items":[
                    {
                       "type":"Video",
                       "id":"video",
                       "padding":0,
                       "alignSelf":"center",
                       "width":"100%",
                       "height":"100%",
                       "autoplay":false,
                       "scale":"best-fill",
                       "source":"${videoData.videoUrl}"
                    }
                 ]
              }
           ]
        }
     ]
  }
}